"Percentile","Expected Outcome"
0,0.653909455544429
0.05,0.733947527176859
0.1,0.774312379899135
0.15,0.80244302337489
0.2,0.860411558951518
0.25,0.886879116283489
0.3,0.952365985902466
0.35,0.971710905540239
0.4,1.04614625674366
0.45,1.06610532937398
0.5,1.08689356755797
0.55,1.10870958918477
0.6,1.15284305417208
0.65,1.15366341182
0.7,1.20440700225864
0.75,1.27750453863135
0.8,1.3144085493447
0.85,1.32572597268872
0.9,1.38504081573476
0.95,1.41237505939883
1,1.4487895843199
