"Percentile","Expected Outcome"
0,0.106109974250071
0.05,0.10977848326368
0.1,0.114962868365687
0.15,0.118748302326172
0.2,0.122183351692547
0.25,0.125774313004007
0.3,0.13055236797377
0.35,0.13466174791689
0.4,0.139030651193964
0.45,0.142356626757562
0.5,0.145340273617627
0.55,0.14871734438716
0.6,0.152949519793189
0.65,0.156400528814871
0.7,0.160458409905068
0.75,0.164061226243202
0.8,0.16701818676437
0.85,0.171437286333849
0.9,0.175395645369362
0.95,0.179187373741783
1,0.182654387392953
