"Percentile","Expected Outcome"
0,0.10617867635593
0.05,0.108764957023928
0.1,0.114524371492661
0.15,0.119967280344699
0.2,0.123359926714444
0.25,0.126794432951255
0.3,0.131022542531574
0.35,0.134320702015521
0.4,0.138869939036823
0.45,0.14212929689419
0.5,0.146360945748184
0.55,0.152195173307126
0.6,0.156009651838126
0.65,0.159756100920961
0.7,0.162626745758155
0.75,0.163302063687693
0.8,0.165687559270725
0.85,0.16860645484059
0.9,0.172276006477286
0.95,0.175406701357564
1,0.178053641882082
