"Percentile","Expected Outcome"
0,0.106322767708559
0.05,0.111461609085547
0.1,0.115285628243625
0.15,0.119893864337003
0.2,0.123115482031994
0.25,0.127173590527879
0.3,0.132794640341069
0.35,0.136860159458485
0.4,0.14015375011526
0.45,0.143061035036609
0.5,0.148983780520836
0.55,0.151124927430718
0.6,0.15352142057966
0.65,0.156043869653402
0.7,0.15919240676993
0.75,0.161716930409048
0.8,0.165480945569623
0.85,0.169164602965768
0.9,0.171991783166352
0.95,0.174221129845843
1,0.177756659011594
