"Percentile","Expected Outcome"
0,0.0057213405293209
0.1,0.00680333496945203
0.2,0.00780477321296193
0.3,0.00855933613301699
0.4,0.00914225255251061
0.5,0.00971033257054443
0.6,0.0106653301893788
0.7,0.0112139540857445
0.8,0.0114492013128272
0.9,0.0121610645646764
1,0.0124531327142061
